Workbook

Sheet KSA
A1: id_partner | B1: partner_sku | C1: noon_warehouse_code | D1: stock_gross | F1: Current Stock
A2: 31978 | B2: su20107-30s-000206-0107p-52 | C2: W00766568SA | D2: =IF(F2>=5, F2-5, IF(F2<5, 0, F2)) | F2: =SUMIFS('Riyadh Stock'!I:I,'Riyadh Stock'!H:H,KSA!B:B)
A3: 31978 | B3: sm40504-30s-000409-2904p-56 | C3: W00766568SA | D3: =IF(F3>=5, F3-5, IF(F3<5, 0, F3)) | F3: =SUMIFS('Riyadh Stock'!I:I,'Riyadh Stock'!H:H,KSA!B:B)
A4: 31978 | B4: sacchan-opc-410002-0515 | C4: W00766568SA | D4: =IF(F4>=5, F4-5, IF(F4<5, 0, F4)) | F4: =SUMIFS('Riyadh Stock'!I:I,'Riyadh Stock'!H:H,KSA!B:B)
A5: 31978 | B5: costmon-bel-snow-p02-turquoise-sn0600 | C5: W00766568SA | D5: =IF(F5>=5, F5-5, IF(F5<5, 0, F5)) | F5: =SUMIFS('Riyadh Stock'!I:I,'Riyadh Stock'!H:H,KSA!B:B)
A6: 31978 | B6: saccase-30s-case101-nvy-brn-navy-blue | C6: W00766568SA | D6: =IF(F6>=5, F6-5, IF(F6<5, 0, F6)) | F6: =SUMIFS('Riyadh Stock'!I:I,'Riyadh Stock'!H:H,KSA!B:B)
A7: 31978 | B7: sw60107-bla-000376-0107-55 | C7: W00766568SA | D7: =IF(F7>=5, F7-5, IF(F7<5, 0, F7)) | F7: =SUMIFS('Riyadh Stock'!I:I,'Riyadh Stock'!H:H,KSA!B:B)
A8: 31978 | B8: sw60702-bla-000376-0702-55 | C8: W00766568SA | D8: =IF(F8>=5, F8-5, IF(F8<5, 0, F8)) | F8: =SUMIFS('Riyadh Stock'!I:I,'Riyadh Stock'!H:H,KSA!B:B)
A9: 31978 | B9: su40707-rov-8203-12-41-58 | C9: W00766568SA | D9: =IF(F9>=5, F9-5, IF(F9<5, 0, F9)) | F9: =SUMIFS('Riyadh Stock'!I:I,'Riyadh Stock'!H:H,KSA!B:B)
A10: 31978 | B10: costmon-bel-snow-p02-turquoise-sn0225 | C10: W00766568SA | D10: =IF(F10>=5, F10-5, IF(F10<5, 0, F10)) | F10: =SUMIFS('Riyadh Stock'!I:I,'Riyadh Stock'!H:H,KSA!B:B)
A11: 31978 | B11: saccase-30s-case101-pnk-bge-blush-pink | C11: W00766568SA | D11: =IF(F11>=5, F11-5, IF(F11<5, 0, F11)) | F11: =SUMIFS('Riyadh Stock'!I:I,'Riyadh Stock'!H:H,KSA!B:B)
A12: 31978 | B12: saccase-30s-case103-brn-bge-caramel-brown | C12: W00766568SA | D12: =IF(F12>=5, F12-5, IF(F12<5, 0, F12)) | F12: =SUMIFS('Riyadh Stock'!I:I,'Riyadh Stock'!H:H,KSA!B:B)
A13: 31978 | B13: sw42304-bla-000373-2304-59 | C13: W00766568SA | D13: =IF(F13>=5, F13-5, IF(F13<5, 0, F13)) | F13: =SUMIFS('Riyadh Stock'!I:I,'Riyadh Stock'!H:H,KSA!B:B)
... A4679: 31978 | B4679: clstdai-acu-dfvi-p30-sn0600 | C4679: W00766568SA | D4679: =IF(F4679>=5, F4679-5, IF(F4679<5, 0, F4679)) | F4679: =SUMIFS('Riyadh Stock'!I:I,'Riyadh Stock'!H:H,KSA!B:B)
