Workbook

Sheet Final_UAE
A1: id_partner | B1: partner_sku | C1: noon_warehouse_code | D1: stock_gross | F1: Current Stock
A2: 33834 | B2: clstmon-eve-prom-p01-sn1000 | C2: W00031886A | D2: =IF(F2>=5, F2-5, IF(F2<5, 0, F2)) | E2: =VLOOKUP(B2,[1]Namshi!$A:$B,2,0) | F2: =SUMIFS('Dubai Stock'!I:I,'Dubai Stock'!H:H,Final_UAE!B:B) | H2: #N/A
A3: 33834 | B3: sw100107-30s-000401-0107-55 | C3: W00031886A | D3: =IF(F3>=5, F3-5, IF(F3<5, 0, F3)) | E3: =VLOOKUP(B3,[1]Namshi!$A:$B,2,0) | F3: =SUMIFS('Dubai Stock'!I:I,'Dubai Stock'!H:H,Final_UAE!B:B) | H3: #N/A
A4: 33834 | B4: sc50207-bab-000542-0207-45 | C4: W00031886A | D4: =IF(F4>=5, F4-5, IF(F4<5, 0, F4)) | E4: =VLOOKUP(B4,[1]Namshi!$A:$B,2,0) | F4: =SUMIFS('Dubai Stock'!I:I,'Dubai Stock'!H:H,Final_UAE!B:B) | H4: #N/A
A5: 33834 | B5: sw100404-30s-000415-0404-54 | C5: W00031886A | D5: =IF(F5>=5, F5-5, IF(F5<5, 0, F5)) | E5: =VLOOKUP(B5,[1]Namshi!$A:$B,2,0) | F5: =SUMIFS('Dubai Stock'!I:I,'Dubai Stock'!H:H,Final_UAE!B:B) | H5: #N/A
A6: 33834 | B6: su42907-30s-000463-2907-53 | C6: W00031886A | D6: =IF(F6>=5, F6-5, IF(F6<5, 0, F6)) | E6: =VLOOKUP(B6,[1]Namshi!$A:$B,2,0) | F6: =SUMIFS('Dubai Stock'!I:I,'Dubai Stock'!H:H,Final_UAE!B:B) | H6: #N/A
A7: 33834 | B7: sc50202-bab-000524-0202d-46 | C7: W00031886A | D7: =IF(F7>=5, F7-5, IF(F7<5, 0, F7)) | E7: =VLOOKUP(B7,[1]Namshi!$A:$B,2,0) | F7: =SUMIFS('Dubai Stock'!I:I,'Dubai Stock'!H:H,Final_UAE!B:B) | H7: #N/A
A8: 33834 | B8: sm52502-30s-000205-0202-55 | C8: W00031886A | D8: =IF(F8>=5, F8-5, IF(F8<5, 0, F8)) | E8: =VLOOKUP(B8,[1]Namshi!$A:$B,2,0) | F8: =SUMIFS('Dubai Stock'!I:I,'Dubai Stock'!H:H,Final_UAE!B:B) | H8: #N/A
A9: 33834 | B9: sm102906-30s-000464-2906-53 | C9: W00031886A | D9: =IF(F9>=5, F9-5, IF(F9<5, 0, F9)) | E9: =VLOOKUP(B9,[1]Namshi!$A:$B,2,0) | F9: =SUMIFS('Dubai Stock'!I:I,'Dubai Stock'!H:H,Final_UAE!B:B) | H9: #N/A
A10: 33834 | B10: sc40202-bab-000519-0202d-51 | C10: W00031886A | D10: =IF(F10>=5, F10-5, IF(F10<5, 0, F10)) | E10: =VLOOKUP(B10,[1]Namshi!$A:$B,2,0) | F10: =SUMIFS('Dubai Stock'!I:I,'Dubai Stock'!H:H,Final_UAE!B:B) | H10: #N/A
A11: 33834 | B11: clstdai-eve-pure-p05-sn0400 | C11: W00031886A | D11: =IF(F11>=5, F11-5, IF(F11<5, 0, F11)) | E11: =VLOOKUP(B11,[1]Namshi!$A:$B,2,0) | F11: =SUMIFS('Dubai Stock'!I:I,'Dubai Stock'!H:H,Final_UAE!B:B) | H11: #N/A
A12: 33834 | B12: fc40118-bab-000546-0118-47 | C12: W00031886A | D12: =IF(F12>=5, F12-5, IF(F12<5, 0, F12)) | E12: =VLOOKUP(B12,[1]Namshi!$A:$B,2,0) | F12: =SUMIFS('Dubai Stock'!I:I,'Dubai Stock'!H:H,Final_UAE!B:B) | H12: #N/A
A13: 33834 | B13: clstmon-eve-prom-p01-sn0850 | C13: W00031886A | D13: =IF(F13>=5, F13-5, IF(F13<5, 0, F13)) | E13: =VLOOKUP(B13,[1]Namshi!$A:$B,2,0) | F13: =SUMIFS('Dubai Stock'!I:I,'Dubai Stock'!H:H,Final_UAE!B:B) | H13: #N/A
A14: 33834 | B14: clstdai-eve-pure-p30-sp0400 | C14: W00031886A | D14: =IF(F14>=5, F14-5, IF(F14<5, 0, F14)) | E14: =VLOOKUP(B14,[1]Namshi!$A:$B,2,0) | F14: =SUMIFS('Dubai Stock'!I:I,'Dubai Stock'!H:H,Final_UAE!B:B) | H14: 186 | I14: 104.3
A15: 33834 | B15: sc40606-bab-000504-0606-51 | C15: W00031886A | D15: =IF(F15>=5, F15-5, IF(F15<5, 0, F15)) | E15: =VLOOKUP(B15,[1]Namshi!$A:$B,2,0) | F15: =SUMIFS('Dubai Stock'!I:I,'Dubai Stock'!H:H,Final_UAE!B:B) | H15: #N/A
A16: 33834 | B16: sc20907-bab-000517-0907d-43 | C16: W00031886A | D16: =IF(F16>=5, F16-5, IF(F16<5, 0, F16)) | E16: =VLOOKUP(B16,[1]Namshi!$A:$B,2,0) | F16: =SUMIFS('Dubai Stock'!I:I,'Dubai Stock'!H:H,Final_UAE!B:B) | H16: #N/A
A17: 33834 | B17: clstdai-lay-cont-p90-dazzle-black-sp0000 | C17: W00031886A | D17: =IF(F17>=5, F17-5, IF(F17<5, 0, F17)) | E17: =VLOOKUP(B17,[1]Namshi!$A:$B,2,0) | F17: =SUMIFS('Dubai Stock'!I:I,'Dubai Stock'!H:H,Final_UAE!B:B) | H17: #N/A
A18: 33834 | B18: sw102304-30s-000415-2304-54 | C18: W00031886A | D18: =IF(F18>=5, F18-5, IF(F18<5, 0, F18)) | E18: =VLOOKUP(B18,[1]Namshi!$A:$B,2,0) | F18: =SUMIFS('Dubai Stock'!I:I,'Dubai Stock'!H:H,Final_UAE!B:B) | H18: #N/A
A19: 33834 | B19: sm51406-30s-000466-1406-52 | C19: W00031886A | D19: =IF(F19>=5, F19-5, IF(F19<5, 0, F19)) | E19: =VLOOKUP(B19,[1]Namshi!$A:$B,2,0) | F19: =SUMIFS('Dubai Stock'!I:I,'Dubai Stock'!H:H,Final_UAE!B:B) | H19: #N/A
A20: 33834 | B20: clstmon-eve-prom-p01-sn0125 | C20: W00031886A | D20: =IF(F20>=5, F20-5, IF(F20<5, 0, F20)) | E20: =VLOOKUP(B20,[1]Namshi!$A:$B,2,0) | F20: =SUMIFS('Dubai Stock'!I:I,'Dubai Stock'!H:H,Final_UAE!B:B) | H20: #N/A
A21: 33834 | B21: su20107-30s-000461-0107-54 | C21: W00031886A | D21: =IF(F21>=5, F21-5, IF(F21<5, 0, F21)) | E21: =VLOOKUP(B21,[1]Namshi!$A:$B,2,0) | F21: =SUMIFS('Dubai Stock'!I:I,'Dubai Stock'!H:H,Final_UAE!B:B) | H21: #N/A
A22: 33834 | B22: sc20607-bab-000526-0607-43 | C22: W00031886A | D22: =IF(F22>=5, F22-5, IF(F22<5, 0, F22)) | E22: =VLOOKUP(B22,[1]Namshi!$A:$B,2,0) | F22: =SUMIFS('Dubai Stock'!I:I,'Dubai Stock'!H:H,Final_UAE!B:B) | H22: #N/A
A23: 33834 | B23: sc30804-bab-00536-0804d-45 | C23: W00031886A | D23: =IF(F23>=5, F23-5, IF(F23<5, 0, F23)) | E23: =VLOOKUP(B23,[1]Namshi!$A:$B,2,0) | F23: =SUMIFS('Dubai Stock'!I:I,'Dubai Stock'!H:H,Final_UAE!B:B) | H23: #N/A
A24: 33834 | B24: sw30107-30s-000418-0107-52 | C24: W00031886A | D24: =IF(F24>=5, F24-5, IF(F24<5, 0, F24)) | E24: =VLOOKUP(B24,[1]Namshi!$A:$B,2,0) | F24: =SUMIFS('Dubai Stock'!I:I,'Dubai Stock'!H:H,Final_UAE!B:B) | H24: #N/A
A25: 33834 | B25: sm110107-30s-000451-0107-49 | C25: W00031886A | D25: =IF(F25>=5, F25-5, IF(F25<5, 0, F25)) | E25: =VLOOKUP(B25,[1]Namshi!$A:$B,2,0) | F25: =SUMIFS('Dubai Stock'!I:I,'Dubai Stock'!H:H,Final_UAE!B:B) | H25: #N/A
A26: 33834 | B26: sc51407-bab-00537-1407d-46 | C26: W00031886A | D26: =IF(F26>=5, F26-5, IF(F26<5, 0, F26)) | E26: =VLOOKUP(B26,[1]Namshi!$A:$B,2,0) | F26: =SUMIFS('Dubai Stock'!I:I,'Dubai Stock'!H:H,Final_UAE!B:B) | H26: #N/A
... A28: 33834 | B28: sm100106-30s-000407-0106-52 | C28: W00031886A | D28: =IF(F28>=5, F28-5, IF(F28<5, 0, F28)) | E28: =VLOOKUP(B28,[1]Namshi!$A:$B,2,0) | F28: =SUMIFS('Dubai Stock'!I:I,'Dubai Stock'!H:H,Final_UAE!B:B) | H28: #N/A
A29: 33834 | B29: clstdai-eve-pure-p30-sp0050 | C29: W00031886A | D29: =IF(F29>=5, F29-5, IF(F29<5, 0, F29)) | E29: =VLOOKUP(B29,[1]Namshi!$A:$B,2,0) | F29: =SUMIFS('Dubai Stock'!I:I,'Dubai Stock'!H:H,Final_UAE!B:B) | H29: 186 | I29: 104.3
A30: 33834 | B30: sc21007-bab-000526-1007-43 | C30: W00031886A | D30: =IF(F30>=5, F30-5, IF(F30<5, 0, F30)) | E30: =VLOOKUP(B30,[1]Namshi!$A:$B,2,0) | F30: =SUMIFS('Dubai Stock'!I:I,'Dubai Stock'!H:H,Final_UAE!B:B) | H30: #N/A
A31: 33834 | B31: sc21007-bab-000544-1007-44 | C31: W00031886A | D31: =IF(F31>=5, F31-5, IF(F31<5, 0, F31)) | E31: =VLOOKUP(B31,[1]Namshi!$A:$B,2,0) | F31: =SUMIFS('Dubai Stock'!I:I,'Dubai Stock'!H:H,Final_UAE!B:B) | H31: #N/A
A32: 33834 | B32: sc50107-bab-00538-0107d-51 | C32: W00031886A | D32: =IF(F32>=5, F32-5, IF(F32<5, 0, F32)) | E32: =VLOOKUP(B32,[1]Namshi!$A:$B,2,0) | F32: =SUMIFS('Dubai Stock'!I:I,'Dubai Stock'!H:H,Final_UAE!B:B) | H32: #N/A
A33: 33834 | B33: sc21407-bab-000547-1407-47 | C33: W00031886A | D33: =IF(F33>=5, F33-5, IF(F33<5, 0, F33)) | E33: =VLOOKUP(B33,[1]Namshi!$A:$B,2,0) | F33: =SUMIFS('Dubai Stock'!I:I,'Dubai Stock'!H:H,Final_UAE!B:B) | H33: #N/A
A34: 33834 | B34: sm100702-30s-000410-0702-55 | C34: W00031886A | D34: =IF(F34>=5, F34-5, IF(F34<5, 0, F34)) | E34: =VLOOKUP(B34,[1]Namshi!$A:$B,2,0) | F34: =SUMIFS('Dubai Stock'!I:I,'Dubai Stock'!H:H,Final_UAE!B:B) | H34: #N/A
A35: 33834 | B35: sw40106-30s-000400-0106-53 | C35: W00031886A | D35: =IF(F35>=5, F35-5, IF(F35<5, 0, F35)) | E35: =VLOOKUP(B35,[1]Namshi!$A:$B,2,0) | F35: =SUMIFS('Dubai Stock'!I:I,'Dubai Stock'!H:H,Final_UAE!B:B) | H35: #N/A
A36: 33834 | B36: clstmon-eve-prom-p01-sn0400 | C36: W00031886A | D36: =IF(F36>=5, F36-5, IF(F36<5, 0, F36)) | E36: =VLOOKUP(B36,[1]Namshi!$A:$B,2,0) | F36: =SUMIFS('Dubai Stock'!I:I,'Dubai Stock'!H:H,Final_UAE!B:B) | H36: #N/A
A37: 33834 | B37: sw32607-30s-000412-2607-50 | C37: W00031886A | D37: =IF(F37>=5, F37-5, IF(F37<5, 0, F37)) | E37: =VLOOKUP(B37,[1]Namshi!$A:$B,2,0) | F37: =SUMIFS('Dubai Stock'!I:I,'Dubai Stock'!H:H,Final_UAE!B:B) | H37: #N/A
A38: 33834 | B38: clstdai-eve-pure-p05-sn0100 | C38: W00031886A | D38: =IF(F38>=5, F38-5, IF(F38<5, 0, F38)) | E38: =VLOOKUP(B38,[1]Namshi!$A:$B,2,0) | F38: =SUMIFS('Dubai Stock'!I:I,'Dubai Stock'!H:H,Final_UAE!B:B) | H38: #N/A
A39: 33834 | B39: clstdai-eve-pure-p05-sn0375 | C39: W00031886A | D39: =IF(F39>=5, F39-5, IF(F39<5, 0, F39)) | E39: =VLOOKUP(B39,[1]Namshi!$A:$B,2,0) | F39: =SUMIFS('Dubai Stock'!I:I,'Dubai Stock'!H:H,Final_UAE!B:B) | H39: #N/A
A40: 33834 | B40: sm50107-30s-000466-0107-52 | C40: W00031886A | D40: =IF(F40>=5, F40-5, IF(F40<5, 0, F40)) | E40: =VLOOKUP(B40,[1]Namshi!$A:$B,2,0) | F40: =SUMIFS('Dubai Stock'!I:I,'Dubai Stock'!H:H,Final_UAE!B:B) | H40: #N/A
A41: 33834 | B41: sw32404-30s-000458-2404-56 | C41: W00031886A | D41: =IF(F41>=5, F41-5, IF(F41<5, 0, F41)) | E41: =VLOOKUP(B41,[1]Namshi!$A:$B,2,0) | F41: =SUMIFS('Dubai Stock'!I:I,'Dubai Stock'!H:H,Final_UAE!B:B) | H41: #N/A
... A48: 33834 | B48: sw102907-30s-000424-2907-55 | C48: W00031886A | D48: =IF(F48>=5, F48-5, IF(F48<5, 0, F48)) | E48: =VLOOKUP(B48,[1]Namshi!$A:$B,2,0) | F48: =SUMIFS('Dubai Stock'!I:I,'Dubai Stock'!H:H,Final_UAE!B:B) | H48: #N/A
A49: 33834 | B49: clstdai-eve-pure-p30-sp0375 | C49: W00031886A | D49: =IF(F49>=5, F49-5, IF(F49<5, 0, F49)) | E49: =VLOOKUP(B49,[1]Namshi!$A:$B,2,0) | F49: =SUMIFS('Dubai Stock'!I:I,'Dubai Stock'!H:H,Final_UAE!B:B) | H49: 186 | I49: 104.3
A50: 33834 | B50: sm40504-30s-000409-2904p-56 | C50: W00031886A | D50: =IF(F50>=5, F50-5, IF(F50<5, 0, F50)) | E50: =VLOOKUP(B50,[1]Namshi!$A:$B,2,0) | F50: =SUMIFS('Dubai Stock'!I:I,'Dubai Stock'!H:H,Final_UAE!B:B) | H50: #N/A
A51: 33834 | B51: sc40107-bab-000521-1101d-46 | C51: W00031886A | D51: =IF(F51>=5, F51-5, IF(F51<5, 0, F51)) | E51: =VLOOKUP(B51,[1]Namshi!$A:$B,2,0) | F51: =SUMIFS('Dubai Stock'!I:I,'Dubai Stock'!H:H,Final_UAE!B:B) | H51: #N/A
A52: 33834 | B52: sc41406-bab-000521-1406d-46 | C52: W00031886A | D52: =IF(F52>=5, F52-5, IF(F52<5, 0, F52)) | E52: =VLOOKUP(B52,[1]Namshi!$A:$B,2,0) | F52: =SUMIFS('Dubai Stock'!I:I,'Dubai Stock'!H:H,Final_UAE!B:B) | H52: #N/A
A53: 33834 | B53: sm40506-30s-000419-0506-52 | C53: W00031886A | D53: =IF(F53>=5, F53-5, IF(F53<5, 0, F53)) | E53: =VLOOKUP(B53,[1]Namshi!$A:$B,2,0) | F53: =SUMIFS('Dubai Stock'!I:I,'Dubai Stock'!H:H,Final_UAE!B:B) | H53: #N/A
A54: 33834 | B54: sw40607-30s-000400-0607-53 | C54: W00031886A | D54: =IF(F54>=5, F54-5, IF(F54<5, 0, F54)) | E54: =VLOOKUP(B54,[1]Namshi!$A:$B,2,0) | F54: =SUMIFS('Dubai Stock'!I:I,'Dubai Stock'!H:H,Final_UAE!B:B) | H54: #N/A
A55: 33834 | B55: clstdai-eve-pure-p30-sp0100 | C55: W00031886A | D55: =IF(F55>=5, F55-5, IF(F55<5, 0, F55)) | E55: =VLOOKUP(B55,[1]Namshi!$A:$B,2,0) | F55: =SUMIFS('Dubai Stock'!I:I,'Dubai Stock'!H:H,Final_UAE!B:B) | H55: 186 | I55: 104.3
A56: 33834 | B56: sm100607-30s-000421-0607-49 | C56: W00031886A | D56: =IF(F56>=5, F56-5, IF(F56<5, 0, F56)) | E56: =VLOOKUP(B56,[1]Namshi!$A:$B,2,0) | F56: =SUMIFS('Dubai Stock'!I:I,'Dubai Stock'!H:H,Final_UAE!B:B) | H56: #N/A
A57: 33834 | B57: clstdai-eve-pure-p30-sp0500 | C57: W00031886A | D57: =IF(F57>=5, F57-5, IF(F57<5, 0, F57)) | E57: =VLOOKUP(B57,[1]Namshi!$A:$B,2,0) | F57: =SUMIFS('Dubai Stock'!I:I,'Dubai Stock'!H:H,Final_UAE!B:B) | H57: 186 | I57: 104.3
A58: 33834 | B58: sc22007-bab-000541-2007-35 | C58: W00031886A | D58: =IF(F58>=5, F58-5, IF(F58<5, 0, F58)) | E58: =VLOOKUP(B58,[1]Namshi!$A:$B,2,0) | F58: =SUMIFS('Dubai Stock'!I:I,'Dubai Stock'!H:H,Final_UAE!B:B) | H58: #N/A
A59: 33834 | B59: sc30607-bab-000543-0607-43 | C59: W00031886A | D59: =IF(F59>=5, F59-5, IF(F59<5, 0, F59)) | E59: =VLOOKUP(B59,[1]Namshi!$A:$B,2,0) | F59: =SUMIFS('Dubai Stock'!I:I,'Dubai Stock'!H:H,Final_UAE!B:B) | H59: #N/A
A60: 33834 | B60: sc20707-bab-000540-0707-37 | C60: W00031886A | D60: =IF(F60>=5, F60-5, IF(F60<5, 0, F60)) | E60: =VLOOKUP(B60,[1]Namshi!$A:$B,2,0) | F60: =SUMIFS('Dubai Stock'!I:I,'Dubai Stock'!H:H,Final_UAE!B:B) | H60: #N/A
A61: 33834 | B61: sc50207-bab-000505-0207-43 | C61: W00031886A | D61: =IF(F61>=5, F61-5, IF(F61<5, 0, F61)) | E61: =VLOOKUP(B61,[1]Namshi!$A:$B,2,0) | F61: =SUMIFS('Dubai Stock'!I:I,'Dubai Stock'!H:H,Final_UAE!B:B) | H61: #N/A
A62: 33834 | B62: sc50107-bab-00537-0107d-46 | C62: W00031886A | D62: =IF(F62>=5, F62-5, IF(F62<5, 0, F62)) | E62: =VLOOKUP(B62,[1]Namshi!$A:$B,2,0) | F62: =SUMIFS('Dubai Stock'!I:I,'Dubai Stock'!H:H,Final_UAE!B:B) | H62: #N/A
A63: 33834 | B63: sm100706-bla-000354-0706-54 | C63: W00031886A | D63: =IF(F63>=5, F63-5, IF(F63<5, 0, F63)) | E63: =VLOOKUP(B63,[1]Namshi!$A:$B,2,0) | F63: =SUMIFS('Dubai Stock'!I:I,'Dubai Stock'!H:H,Final_UAE!B:B) | H63: #N/A
A64: 33834 | B64: sc41007-bab-000504-1007-51 | C64: W00031886A | D64: =IF(F64>=5, F64-5, IF(F64<5, 0, F64)) | E64: =VLOOKUP(B64,[1]Namshi!$A:$B,2,0) | F64: =SUMIFS('Dubai Stock'!I:I,'Dubai Stock'!H:H,Final_UAE!B:B) | H64: #N/A
A65: 33834 | B65: sm50207-30s-000428-0207-48 | C65: W00031886A | D65: =IF(F65>=5, F65-5, IF(F65<5, 0, F65)) | E65: =VLOOKUP(B65,[1]Namshi!$A:$B,2,0) | F65: =SUMIFS('Dubai Stock'!I:I,'Dubai Stock'!H:H,Final_UAE!B:B) | H65: #N/A
A66: 33834 | B66: sc21007-bab-000500-1007-40 | C66: W00031886A | D66: =IF(F66>=5, F66-5, IF(F66<5, 0, F66)) | E66: =VLOOKUP(B66,[1]Namshi!$A:$B,2,0) | F66: =SUMIFS('Dubai Stock'!I:I,'Dubai Stock'!H:H,Final_UAE!B:B) | H66: #N/A
A67: 33834 | B67: sm40107-bla-000363-0107-50 | C67: W00031886A | D67: =IF(F67>=5, F67-5, IF(F67<5, 0, F67)) | E67: =VLOOKUP(B67,[1]Namshi!$A:$B,2,0) | F67: =SUMIFS('Dubai Stock'!I:I,'Dubai Stock'!H:H,Final_UAE!B:B) | H67: #N/A
A68: 33834 | B68: cost3mo-lay-2025-p02-emerald-glow-sn0050 | C68: W00031886A | D68: =IF(F68>=5, F68-5, IF(F68<5, 0, F68)) | E68: =VLOOKUP(B68,[1]Namshi!$A:$B,2,0) | F68: =SUMIFS('Dubai Stock'!I:I,'Dubai Stock'!H:H,Final_UAE!B:B) | H68: #N/A
A69: 33834 | B69: sw42604-30s-000300-2604-50 | C69: W00031886A | D69: =IF(F69>=5, F69-5, IF(F69<5, 0, F69)) | E69: =VLOOKUP(B69,[1]Namshi!$A:$B,2,0) | F69: =SUMIFS('Dubai Stock'!I:I,'Dubai Stock'!H:H,Final_UAE!B:B) | H69: #N/A
... A94: 33834 | B94: sc20901-bab-000500-0901-40 | C94: W00031886A | D94: =IF(F94>=5, F94-5, IF(F94<5, 0, F94)) | E94: =VLOOKUP(B94,[1]Namshi!$A:$B,2,0) | F94: =SUMIFS('Dubai Stock'!I:I,'Dubai Stock'!H:H,Final_UAE!B:B) | H94: #N/A
A95: 33834 | B95: clstdai-eve-pure-p30-sp0250 | C95: W00031886A | D95: =IF(F95>=5, F95-5, IF(F95<5, 0, F95)) | E95: =VLOOKUP(B95,[1]Namshi!$A:$B,2,0) | F95: =SUMIFS('Dubai Stock'!I:I,'Dubai Stock'!H:H,Final_UAE!B:B) | H95: 186 | I95: 104.3
A96: 33834 | B96: sm40404-30s-000404-0404-54 | C96: W00031886A | D96: =IF(F96>=5, F96-5, IF(F96<5, 0, F96)) | E96: =VLOOKUP(B96,[1]Namshi!$A:$B,2,0) | F96: =SUMIFS('Dubai Stock'!I:I,'Dubai Stock'!H:H,Final_UAE!B:B) | H96: #N/A
A97: 33834 | B97: clstdai-eve-pure-p30-sp0300 | C97: W00031886A | D97: =IF(F97>=5, F97-5, IF(F97<5, 0, F97)) | E97: =VLOOKUP(B97,[1]Namshi!$A:$B,2,0) | F97: =SUMIFS('Dubai Stock'!I:I,'Dubai Stock'!H:H,Final_UAE!B:B) | H97: 186 | I97: 104.3
A98: 33834 | B98: su100107-30s-000457-0107-49 | C98: W00031886A | D98: =IF(F98>=5, F98-5, IF(F98<5, 0, F98)) | E98: =VLOOKUP(B98,[1]Namshi!$A:$B,2,0) | F98: =SUMIFS('Dubai Stock'!I:I,'Dubai Stock'!H:H,Final_UAE!B:B) | H98: #N/A
A99: 33834 | B99: sc40606-bab-000503-0606-46 | C99: W00031886A | D99: =IF(F99>=5, F99-5, IF(F99<5, 0, F99)) | E99: =VLOOKUP(B99,[1]Namshi!$A:$B,2,0) | F99: =SUMIFS('Dubai Stock'!I:I,'Dubai Stock'!H:H,Final_UAE!B:B) | H99: #N/A
A100: 33834 | B100: sc20607-bab-000527-0607-48 | C100: W00031886A | D100: =IF(F100>=5, F100-5, IF(F100<5, 0, F100)) | E100: =VLOOKUP(B100,[1]Namshi!$A:$B,2,0) | F100: =SUMIFS('Dubai Stock'!I:I,'Dubai Stock'!H:H,Final_UAE!B:B) | H100: #N/A
A101: 33834 | B101: sw30404-30s-000418-0404-52 | C101: W00031886A | D101: =IF(F101>=5, F101-5, IF(F101<5, 0, F101)) | E101: =VLOOKUP(B101,[1]Namshi!$A:$B,2,0) | F101: =SUMIFS('Dubai Stock'!I:I,'Dubai Stock'!H:H,Final_UAE!B:B) | H101: #N/A
A102: 33834 | B102: cost3mo-lay-2025-p02-desert-topaz-sp0000 | C102: W00031886A | D102: =IF(F102>=5, F102-5, IF(F102<5, 0, F102)) | E102: =VLOOKUP(B102,[1]Namshi!$A:$B,2,0) | F102: =SUMIFS('Dubai Stock'!I:I,'Dubai Stock'!H:H,Final_UAE!B:B) | H102: #N/A
A103: 33834 | B103: clstdai-eve-pure-p05-sn0425 | C103: W00031886A | D103: =IF(F103>=5, F103-5, IF(F103<5, 0, F103)) | E103: =VLOOKUP(B103,[1]Namshi!$A:$B,2,0) | F103: =SUMIFS('Dubai Stock'!I:I,'Dubai Stock'!H:H,Final_UAE!B:B) | H103: #N/A
A104: 33834 | B104: clstdai-eve-pure-p05-sn0125 | C104: W00031886A | D104: =IF(F104>=5, F104-5, IF(F104<5, 0, F104)) | E104: =VLOOKUP(B104,[1]Namshi!$A:$B,2,0) | F104: =SUMIFS('Dubai Stock'!I:I,'Dubai Stock'!H:H,Final_UAE!B:B) | H104: #N/A
A105: 33834 | B105: costdai-ama-dail-p10-shadow-sn0125 | C105: W00031886A | D105: =IF(F105>=5, F105-5, IF(F105<5, 0, F105)) | E105: =VLOOKUP(B105,[1]Namshi!$A:$B,2,0) | F105: =SUMIFS('Dubai Stock'!I:I,'Dubai Stock'!H:H,Final_UAE!B:B) | H105: #N/A
A106: 33834 | B106: cost3mo-lay-2025-p02-emerald-glow-sn0225 | C106: W00031886A | D106: =IF(F106>=5, F106-5, IF(F106<5, 0, F106)) | E106: =VLOOKUP(B106,[1]Namshi!$A:$B,2,0) | F106: =SUMIFS('Dubai Stock'!I:I,'Dubai Stock'!H:H,Final_UAE!B:B) | H106: #N/A
A107: 33834 | B107: clstdai-lay-cont-p10-dazzle-bkack-sn0050 | C107: W00031886A | D107: =IF(F107>=5, F107-5, IF(F107<5, 0, F107)) | E107: =VLOOKUP(B107,[1]Namshi!$A:$B,2,0) | F107: =SUMIFS('Dubai Stock'!I:I,'Dubai Stock'!H:H,Final_UAE!B:B) | H107: #N/A
A108: 33834 | B108: sm50107-opc-130020-0107-49 | C108: W00031886A | D108: =IF(F108>=5, F108-5, IF(F108<5, 0, F108)) | E108: =VLOOKUP(B108,[1]Namshi!$A:$B,2,0) | F108: =SUMIFS('Dubai Stock'!I:I,'Dubai Stock'!H:H,Final_UAE!B:B) | H108: #N/A
A109: 33834 | B109: sc50207-bab-000230-0207-45 | C109: W00031886A | D109: =IF(F109>=5, F109-5, IF(F109<5, 0, F109)) | E109: =VLOOKUP(B109,[1]Namshi!$A:$B,2,0) | F109: =SUMIFS('Dubai Stock'!I:I,'Dubai Stock'!H:H,Final_UAE!B:B) | H109: #N/A
... A126: 33834 | B126: sw101304-30s-000301-1304-54 | C126: W00031886A | D126: =IF(F126>=5, F126-5, IF(F126<5, 0, F126)) | E126: =VLOOKUP(B126,[1]Namshi!$A:$B,2,0) | F126: =SUMIFS('Dubai Stock'!I:I,'Dubai Stock'!H:H,Final_UAE!B:B) | H126: #N/A
A127: 33834 | B127: clstdai-eve-pure-p30-sp0175 | C127: W00031886A | D127: =IF(F127>=5, F127-5, IF(F127<5, 0, F127)) | E127: =VLOOKUP(B127,[1]Namshi!$A:$B,2,0) | F127: =SUMIFS('Dubai Stock'!I:I,'Dubai Stock'!H:H,Final_UAE!B:B) | H127: 186 | I127: 104.3
A128: 33834 | B128: sc40207-bab-000507-0207d-46 | C128: W00031886A | D128: =IF(F128>=5, F128-5, IF(F128<5, 0, F128)) | E128: =VLOOKUP(B128,[1]Namshi!$A:$B,2,0) | F128: =SUMIFS('Dubai Stock'!I:I,'Dubai Stock'!H:H,Final_UAE!B:B) | H128: #N/A
A129: 33834 | B129: sc21010-bab-000514-1010d-43 | C129: W00031886A | D129: =IF(F129>=5, F129-5, IF(F129<5, 0, F129)) | E129: =VLOOKUP(B129,[1]Namshi!$A:$B,2,0) | F129: =SUMIFS('Dubai Stock'!I:I,'Dubai Stock'!H:H,Final_UAE!B:B) | H129: #N/A
A130: 33834 | B130: sc50907-opc-190006-0907-43 | C130: W00031886A | D130: =IF(F130>=5, F130-5, IF(F130<5, 0, F130)) | E130: =VLOOKUP(B130,[1]Namshi!$A:$B,2,0) | F130: =SUMIFS('Dubai Stock'!I:I,'Dubai Stock'!H:H,Final_UAE!B:B) | H130: #N/A
A131: 33834 | B131: su20104-30s-000206-0104p-52 | C131: W00031886A | D131: =IF(F131>=5, F131-5, IF(F131<5, 0, F131)) | E131: =VLOOKUP(B131,[1]Namshi!$A:$B,2,0) | F131: =SUMIFS('Dubai Stock'!I:I,'Dubai Stock'!H:H,Final_UAE!B:B) | H131: #N/A
A132: 33834 | B132: sc30904-bab-000523-0904d-45 | C132: W00031886A | D132: =IF(F132>=5, F132-5, IF(F132<5, 0, F132)) | E132: =VLOOKUP(B132,[1]Namshi!$A:$B,2,0) | F132: =SUMIFS('Dubai Stock'!I:I,'Dubai Stock'!H:H,Final_UAE!B:B) | H132: #N/A
A133: 33834 | B133: sm41207-30s-000422-1207-50 | C133: W00031886A | D133: =IF(F133>=5, F133-5, IF(F133<5, 0, F133)) | E133: =VLOOKUP(B133,[1]Namshi!$A:$B,2,0) | F133: =SUMIFS('Dubai Stock'!I:I,'Dubai Stock'!H:H,Final_UAE!B:B) | H133: #N/A
A134: 33834 | B134: sc20107-bab-000237-0107-48 | C134: W00031886A | D134: =IF(F134>=5, F134-5, IF(F134<5, 0, F134)) | E134: =VLOOKUP(B134,[1]Namshi!$A:$B,2,0) | F134: =SUMIFS('Dubai Stock'!I:I,'Dubai Stock'!H:H,Final_UAE!B:B) | H134: #N/A
A135: 33834 | B135: clstdai-eve-pure-p30-sp0350 | C135: W00031886A | D135: =IF(F135>=5, F135-5, IF(F135<5, 0, F135)) | E135: =VLOOKUP(B135,[1]Namshi!$A:$B,2,0) | F135: =SUMIFS('Dubai Stock'!I:I,'Dubai Stock'!H:H,Final_UAE!B:B) | H135: 186 | I135: 104.3
A136: 33834 | B136: sc31010-bab-00536-1010d-45 | C136: W00031886A | D136: =IF(F136>=5, F136-5, IF(F136<5, 0, F136)) | E136: =VLOOKUP(B136,[1]Namshi!$A:$B,2,0) | F136: =SUMIFS('Dubai Stock'!I:I,'Dubai Stock'!H:H,Final_UAE!B:B) | H136: #N/A
A137: 33834 | B137: sc31010-bab-000523-1010d-45 | C137: W00031886A | D137: =IF(F137>=5, F137-5, IF(F137<5, 0, F137)) | E137: =VLOOKUP(B137,[1]Namshi!$A:$B,2,0) | F137: =SUMIFS('Dubai Stock'!I:I,'Dubai Stock'!H:H,Final_UAE!B:B) | H137: #N/A
A138: 33834 | B138: clstdai-eve-pure-p30-sp0600 | C138: W00031886A | D138: =IF(F138>=5, F138-5, IF(F138<5, 0, F138)) | E138: =VLOOKUP(B138,[1]Namshi!$A:$B,2,0) | F138: =SUMIFS('Dubai Stock'!I:I,'Dubai Stock'!H:H,Final_UAE!B:B) | H138: 186 | I138: 104.3
A139: 33834 | B139: sm10104-bla-000360-0104-55 | C139: W00031886A | D139: =IF(F139>=5, F139-5, IF(F139<5, 0, F139)) | E139: =VLOOKUP(B139,[1]Namshi!$A:$B,2,0) | F139: =SUMIFS('Dubai Stock'!I:I,'Dubai Stock'!H:H,Final_UAE!B:B) | H139: #N/A
A140: 33834 | B140: sc40107-bab-000522-0101d-51 | C140: W00031886A | D140: =IF(F140>=5, F140-5, IF(F140<5, 0, F140)) | E140: =VLOOKUP(B140,[1]Namshi!$A:$B,2,0) | F140: =SUMIFS('Dubai Stock'!I:I,'Dubai Stock'!H:H,Final_UAE!B:B) | H140: #N/A
A141: 33834 | B141: sw40207-30s-000427-0207-50 | C141: W00031886A | D141: =IF(F141>=5, F141-5, IF(F141<5, 0, F141)) | E141: =VLOOKUP(B141,[1]Namshi!$A:$B,2,0) | F141: =SUMIFS('Dubai Stock'!I:I,'Dubai Stock'!H:H,Final_UAE!B:B) | H141: #N/A
A142: 33834 | B142: sc30904-bab-00536-0904d-45 | C142: W00031886A | D142: =IF(F142>=5, F142-5, IF(F142<5, 0, F142)) | E142: =VLOOKUP(B142,[1]Namshi!$A:$B,2,0) | F142: =SUMIFS('Dubai Stock'!I:I,'Dubai Stock'!H:H,Final_UAE!B:B) | H142: #N/A
A143: 33834 | B143: clstdai-eve-pure-p30-sp0125 | C143: W00031886A | D143: =IF(F143>=5, F143-5, IF(F143<5, 0, F143)) | E143: =VLOOKUP(B143,[1]Namshi!$A:$B,2,0) | F143: =SUMIFS('Dubai Stock'!I:I,'Dubai Stock'!H:H,Final_UAE!B:B) | H143: 186 | I143: 104.3
A144: 33834 | B144: sc20807-bab-000541-0807-35 | C144: W00031886A | D144: =IF(F144>=5, F144-5, IF(F144<5, 0, F144)) | E144: =VLOOKUP(B144,[1]Namshi!$A:$B,2,0) | F144: =SUMIFS('Dubai Stock'!I:I,'Dubai Stock'!H:H,Final_UAE!B:B) | H144: #N/A
A145: 33834 | B145: clstdai-eve-pure-p30-sp0425 | C145: W00031886A | D145: =IF(F145>=5, F145-5, IF(F145<5, 0, F145)) | E145: =VLOOKUP(B145,[1]Namshi!$A:$B,2,0) | F145: =SUMIFS('Dubai Stock'!I:I,'Dubai Stock'!H:H,Final_UAE!B:B) | H145: 186 | I145: 104.3
A146: 33834 | B146: sw30504-30s-000420-0504-57 | C146: W00031886A | D146: =IF(F146>=5, F146-5, IF(F146<5, 0, F146)) | E146: =VLOOKUP(B146,[1]Namshi!$A:$B,2,0) | F146: =SUMIFS('Dubai Stock'!I:I,'Dubai Stock'!H:H,Final_UAE!B:B) | H146: #N/A
A147: 33834 | B147: sc50107-bab-000505-0107-43 | C147: W00031886A | D147: =IF(F147>=5, F147-5, IF(F147<5, 0, F147)) | E147: =VLOOKUP(B147,[1]Namshi!$A:$B,2,0) | F147: =SUMIFS('Dubai Stock'!I:I,'Dubai Stock'!H:H,Final_UAE!B:B) | H147: #N/A
...
