Workbook

Sheet Noon UAE
A1: country_code | B1: id_partner | C1: partner_sku | D1: noon_warehouse_code | E1: stock_gross | F1: processing_time | H1: Current Stock
A2: ae | B2: 33834 | C2: costdai-acu-dffr-p30-honey-sn0050 | D2: W00031886A | E2: =IF(H2>=2, H2-2, IF(H2<2, 0, H2)) | F2: 1_day | H2: =SUMIFS('Dubai Stock'!I:I,'Dubai Stock'!H:H,'Noon UAE'!C:C) | J2: #N/A
A3: ae | B3: 33834 | C3: sm10304-30s-000456-0304-57 | D3: W00031886A | E3: =IF(H3>=2, H3-2, IF(H3<2, 0, H3)) | F3: 1_day | H3: =SUMIFS('Dubai Stock'!I:I,'Dubai Stock'!H:H,'Noon UAE'!C:C) | J3: 449 | K3: 314.03006
A4: ae | B4: 33834 | C4: sm11207-30s-000456-1207-57 | D4: W00031886A | E4: =IF(H4>=2, H4-2, IF(H4<2, 0, H4)) | F4: 1_day | H4: =SUMIFS('Dubai Stock'!I:I,'Dubai Stock'!H:H,'Noon UAE'!C:C) | J4: 449 | K4: 314.03006
A5: ae | B5: 33834 | C5: sm100406-30s-000410-0406-55 | D5: W00031886A | E5: =IF(H5>=2, H5-2, IF(H5<2, 0, H5)) | F5: 1_day | H5: =SUMIFS('Dubai Stock'!I:I,'Dubai Stock'!H:H,'Noon UAE'!C:C) | J5: #N/A
A6: ae | B6: 33834 | C6: sw52404-30s-000431-2404-50 | D6: W00031886A | E6: =IF(H6>=2, H6-2, IF(H6<2, 0, H6)) | F6: 1_day | H6: =SUMIFS('Dubai Stock'!I:I,'Dubai Stock'!H:H,'Noon UAE'!C:C) | J6: 449 | K6: 269.04008
A7: ae | B7: 33834 | C7: saccase-30s-case104-brn-bge-caramel-brown | D7: W00031886A | E7: =IF(H7>=2, H7-2, IF(H7<2, 0, H7)) | F7: 1_day | H7: =SUMIFS('Dubai Stock'!I:I,'Dubai Stock'!H:H,'Noon UAE'!C:C) | J7: #N/A
A8: ae | B8: 33834 | C8: saccase-30s-case104-nvy-bge-navy-blue | D8: W00031886A | E8: =IF(H8>=2, H8-2, IF(H8<2, 0, H8)) | F8: 1_day | H8: =SUMIFS('Dubai Stock'!I:I,'Dubai Stock'!H:H,'Noon UAE'!C:C) | J8: #N/A
A9: ae | B9: 33834 | C9: saccase-30s-case104-blk-blk-black | D9: W00031886A | E9: =IF(H9>=2, H9-2, IF(H9<2, 0, H9)) | F9: 1_day | H9: =SUMIFS('Dubai Stock'!I:I,'Dubai Stock'!H:H,'Noon UAE'!C:C) | J9: #N/A
A10: ae | B10: 33834 | C10: sacchan-30s-chain101-blk-black | D10: W00031886A | E10: =IF(H10>=2, H10-2, IF(H10<2, 0, H10)) | F10: 1_day | H10: =SUMIFS('Dubai Stock'!I:I,'Dubai Stock'!H:H,'Noon UAE'!C:C) | J10: #N/A
A11: ae | B11: 33834 | C11: sacchan-30s-chain101-gry-fleek-gunmetal | D11: W00031886A | E11: =IF(H11>=2, H11-2, IF(H11<2, 0, H11)) | F11: 1_day | H11: =SUMIFS('Dubai Stock'!I:I,'Dubai Stock'!H:H,'Noon UAE'!C:C) | J11: #N/A
A12: ae | B12: 33834 | C12: sacchan-30s-chain105-gpl-gold | D12: W00031886A | E12: =IF(H12>=2, H12-2, IF(H12<2, 0, H12)) | F12: 1_day | H12: =SUMIFS('Dubai Stock'!I:I,'Dubai Stock'!H:H,'Noon UAE'!C:C) | J12: #N/A
A13: ae | B13: 33834 | C13: sacchan-30s-chain108-blk-inu-black | D13: W00031886A | E13: =IF(H13>=2, H13-2, IF(H13<2, 0, H13)) | F13: 1_day | H13: =SUMIFS('Dubai Stock'!I:I,'Dubai Stock'!H:H,'Noon UAE'!C:C) | J13: #N/A
A14: ae | B14: 33834 | C14: sacchan-30s-chain122-svr-isla-silver | D14: W00031886A | E14: =IF(H14>=2, H14-2, IF(H14<2, 0, H14)) | F14: 1_day | H14: =SUMIFS('Dubai Stock'!I:I,'Dubai Stock'!H:H,'Noon UAE'!C:C) | J14: #N/A
A15: ae | B15: 33834 | C15: sacchan-30s-chain122-gld-isla-gold | D15: W00031886A | E15: =IF(H15>=2, H15-2, IF(H15<2, 0, H15)) | F15: 1_day | H15: =SUMIFS('Dubai Stock'!I:I,'Dubai Stock'!H:H,'Noon UAE'!C:C) | J15: #N/A
A16: ae | B16: 33834 | C16: sacchan-30s-chain115-gry-kali-gray | D16: W00031886A | E16: =IF(H16>=2, H16-2, IF(H16<2, 0, H16)) | F16: 1_day | H16: =SUMIFS('Dubai Stock'!I:I,'Dubai Stock'!H:H,'Noon UAE'!C:C) | J16: #N/A
A17: ae | B17: 33834 | C17: sacchan-30s-kali-black | D17: W00031886A | E17: =IF(H17>=2, H17-2, IF(H17<2, 0, H17)) | F17: 1_day | H17: =SUMIFS('Dubai Stock'!I:I,'Dubai Stock'!H:H,'Noon UAE'!C:C) | J17: #N/A
A18: ae | B18: 33834 | C18: sm50107-30s-000466-0107-52 | D18: W00031886A | E18: =IF(H18>=2, H18-2, IF(H18<2, 0, H18)) | F18: 1_day | H18: =SUMIFS('Dubai Stock'!I:I,'Dubai Stock'!H:H,'Noon UAE'!C:C) | J18: 399 | K18: 279
A19: ae | B19: 33834 | C19: sm100107-30s-000447-0107-53 | D19: W00031886A | E19: =IF(H19>=2, H19-2, IF(H19<2, 0, H19)) | F19: 1_day | H19: =SUMIFS('Dubai Stock'!I:I,'Dubai Stock'!H:H,'Noon UAE'!C:C) | J19: 399 | K19: 279.03341
A20: ae | B20: 33834 | C20: sacchan-30s-chain104-gpl-gold | D20: W00031886A | E20: =IF(H20>=2, H20-2, IF(H20<2, 0, H20)) | F20: 1_day | H20: =SUMIFS('Dubai Stock'!I:I,'Dubai Stock'!H:H,'Noon UAE'!C:C) | J20: #N/A
A21: ae | B21: 33834 | C21: sw62907-30s-000435-2907-54 | D21: W00031886A | E21: =IF(H21>=2, H21-2, IF(H21<2, 0, H21)) | F21: 1_day | H21: =SUMIFS('Dubai Stock'!I:I,'Dubai Stock'!H:H,'Noon UAE'!C:C) | J21: 449 | K21: 269.04008
A22: ae | B22: 33834 | C22: sm100107-30s-000444-0107-53 | D22: W00031886A | E22: =IF(H22>=2, H22-2, IF(H22<2, 0, H22)) | F22: 1_day | H22: =SUMIFS('Dubai Stock'!I:I,'Dubai Stock'!H:H,'Noon UAE'!C:C) | J22: 399 | K22: 239.04454
A23: ae | B23: 33834 | C23: sm50107-30s-000217-0107-54 | D23: W00031886A | E23: =IF(H23>=2, H23-2, IF(H23<2, 0, H23)) | F23: 1_day | H23: =SUMIFS('Dubai Stock'!I:I,'Dubai Stock'!H:H,'Noon UAE'!C:C) | J23: 399 | K23: 279
A24: ae | B24: 33834 | C24: su100606-30s-000277-2102-52 | D24: W00031886A | E24: =IF(H24>=2, H24-2, IF(H24<2, 0, H24)) | F24: 1_day | H24: =SUMIFS('Dubai Stock'!I:I,'Dubai Stock'!H:H,'Noon UAE'!C:C) | J24: #N/A
A25: ae | B25: 33834 | C25: sc50904-bab-000503-0904-46 | D25: W00031886A | E25: =IF(H25>=2, H25-2, IF(H25<2, 0, H25)) | F25: 1_day | H25: =SUMIFS('Dubai Stock'!I:I,'Dubai Stock'!H:H,'Noon UAE'!C:C) | J25: 199 | K25: 139
A26: ae | B26: 33834 | C26: sc50202-bab-000503-0202-46 | D26: W00031886A | E26: =IF(H26>=2, H26-2, IF(H26<2, 0, H26)) | F26: 1_day | H26: =SUMIFS('Dubai Stock'!I:I,'Dubai Stock'!H:H,'Noon UAE'!C:C) | J26: 199 | K26: 139
A27: ae | B27: 33834 | C27: sc50107-bab-000503-0107-46 | D27: W00031886A | E27: =IF(H27>=2, H27-2, IF(H27<2, 0, H27)) | F27: 1_day | H27: =SUMIFS('Dubai Stock'!I:I,'Dubai Stock'!H:H,'Noon UAE'!C:C) | J27: 199 | K27: 139
A28: ae | B28: 33834 | C28: sc51402-bab-000503-1402-46 | D28: W00031886A | E28: =IF(H28>=2, H28-2, IF(H28<2, 0, H28)) | F28: 1_day | H28: =SUMIFS('Dubai Stock'!I:I,'Dubai Stock'!H:H,'Noon UAE'!C:C) | J28: 199 | K28: 139
A29: ae | B29: 33834 | C29: sc50207-bab-000503-0207-46 | D29: W00031886A | E29: =IF(H29>=2, H29-2, IF(H29<2, 0, H29)) | F29: 1_day | H29: =SUMIFS('Dubai Stock'!I:I,'Dubai Stock'!H:H,'Noon UAE'!C:C) | J29: 199 | K29: 139
A30: ae | B30: 33834 | C30: sc50107-bab-000504-0107-51 | D30: W00031886A | E30: =IF(H30>=2, H30-2, IF(H30<2, 0, H30)) | F30: 1_day | H30: =SUMIFS('Dubai Stock'!I:I,'Dubai Stock'!H:H,'Noon UAE'!C:C) | J30: 199 | K30: 139
A31: ae | B31: 33834 | C31: su101204-bla-000355-1204-51 | D31: W00031886A | E31: =IF(H31>=2, H31-2, IF(H31<2, 0, H31)) | F31: 1_day | H31: =SUMIFS('Dubai Stock'!I:I,'Dubai Stock'!H:H,'Noon UAE'!C:C) | J31: 299 | K31: 209
A32: ae | B32: 33834 | C32: su102904-bla-000334-2904-56 | D32: W00031886A | E32: =IF(H32>=2, H32-2, IF(H32<2, 0, H32)) | F32: 1_day | H32: =SUMIFS('Dubai Stock'!I:I,'Dubai Stock'!H:H,'Noon UAE'!C:C) | J32: 299 | K32: 179
A33: ae | B33: 33834 | C33: sm101804-bla-000336-1804-54 | D33: W00031886A | E33: =IF(H33>=2, H33-2, IF(H33<2, 0, H33)) | F33: 1_day | H33: =SUMIFS('Dubai Stock'!I:I,'Dubai Stock'!H:H,'Noon UAE'!C:C) | J33: 299 | K33: 179
A34: ae | B34: 33834 | C34: sm40107-bla-000339-0107-57 | D34: W00031886A | E34: =IF(H34>=2, H34-2, IF(H34<2, 0, H34)) | F34: 1_day | H34: =SUMIFS('Dubai Stock'!I:I,'Dubai Stock'!H:H,'Noon UAE'!C:C) | J34: 299 | K34: 179
A35: ae | B35: 33834 | C35: sw60404-bla-000300-0404-53 | D35: W00031886A | E35: =IF(H35>=2, H35-2, IF(H35<2, 0, H35)) | F35: 1_day | H35: =SUMIFS('Dubai Stock'!I:I,'Dubai Stock'!H:H,'Noon UAE'!C:C) | J35: #N/A
A36: ae | B36: 33834 | C36: sm20107-30s-000219-0107-50 | D36: W00031886A | E36: =IF(H36>=2, H36-2, IF(H36<2, 0, H36)) | F36: 1_day | H36: =SUMIFS('Dubai Stock'!I:I,'Dubai Stock'!H:H,'Noon UAE'!C:C) | J36: #N/A
A37: ae | B37: 33834 | C37: clstbiw-acu-oasy-p06-sp0750 | D37: W00031886A | E37: =IF(H37>=2, H37-2, IF(H37<2, 0, H37)) | F37: 1_day | H37: =SUMIFS('Dubai Stock'!I:I,'Dubai Stock'!H:H,'Noon UAE'!C:C) | J37: #N/A
A38: ae | B38: 33834 | C38: clstbiw-acu-oasy-p06-sp0700 | D38: W00031886A | E38: =IF(H38>=2, H38-2, IF(H38<2, 0, H38)) | F38: 1_day | H38: =SUMIFS('Dubai Stock'!I:I,'Dubai Stock'!H:H,'Noon UAE'!C:C) | J38: #N/A
A39: ae | B39: 33834 | C39: clstbiw-acu-oasy-p06-sp0200 | D39: W00031886A | E39: =IF(H39>=2, H39-2, IF(H39<2, 0, H39)) | F39: 1_day | H39: =SUMIFS('Dubai Stock'!I:I,'Dubai Stock'!H:H,'Noon UAE'!C:C) | J39: #N/A
A40: ae | B40: 33834 | C40: clstbiw-acu-oasy-p06-sp0475 | D40: W00031886A | E40: =IF(H40>=2, H40-2, IF(H40<2, 0, H40)) | F40: 1_day | H40: =SUMIFS('Dubai Stock'!I:I,'Dubai Stock'!H:H,'Noon UAE'!C:C) | J40: #N/A
A41: ae | B41: 33834 | C41: clstbiw-acu-oasy-p06-sp0075 | D41: W00031886A | E41: =IF(H41>=2, H41-2, IF(H41<2, 0, H41)) | F41: 1_day | H41: =SUMIFS('Dubai Stock'!I:I,'Dubai Stock'!H:H,'Noon UAE'!C:C) | J41: #N/A
A42: ae | B42: 33834 | C42: clstbiw-acu-oasy-p06-sp0375 | D42: W00031886A | E42: =IF(H42>=2, H42-2, IF(H42<2, 0, H42)) | F42: 1_day | H42: =SUMIFS('Dubai Stock'!I:I,'Dubai Stock'!H:H,'Noon UAE'!C:C) | J42: #N/A
A43: ae | B43: 33834 | C43: clstbiw-acu-oasy-p06-sp0050 | D43: W00031886A | E43: =IF(H43>=2, H43-2, IF(H43<2, 0, H43)) | F43: 1_day | H43: =SUMIFS('Dubai Stock'!I:I,'Dubai Stock'!H:H,'Noon UAE'!C:C) | J43: #N/A
A44: ae | B44: 33834 | C44: clstbiw-acu-oasy-p06-sp0100 | D44: W00031886A | E44: =IF(H44>=2, H44-2, IF(H44<2, 0, H44)) | F44: 1_day | H44: =SUMIFS('Dubai Stock'!I:I,'Dubai Stock'!H:H,'Noon UAE'!C:C) | J44: #N/A
A45: ae | B45: 33834 | C45: clstbiw-acu-oasy-p06-sn0950 | D45: W00031886A | E45: =IF(H45>=2, H45-2, IF(H45<2, 0, H45)) | F45: 1_day | H45: =SUMIFS('Dubai Stock'!I:I,'Dubai Stock'!H:H,'Noon UAE'!C:C) | J45: #N/A
A46: ae | B46: 33834 | C46: clstbiw-acu-oasy-p06-sn0550 | D46: W00031886A | E46: =IF(H46>=2, H46-2, IF(H46<2, 0, H46)) | F46: 1_day | H46: =SUMIFS('Dubai Stock'!I:I,'Dubai Stock'!H:H,'Noon UAE'!C:C) | J46: #N/A
... A124: ae | B124: 33834 | C124: costdai-acu-dffr-p10-honey-sn0350 | D124: W00031886A | E124: =IF(H124>=2, H124-2, IF(H124<2, 0, H124)) | F124: 1_day | H124: =SUMIFS('Dubai Stock'!I:I,'Dubai Stock'!H:H,'Noon UAE'!C:C) | J124: #N/A
A125: ae | B125: 33834 | C125: su100606-30s-00453-0606p-51 | D125: W00031886A | E125: =IF(H125>=2, H125-2, IF(H125<2, 0, H125)) | F125: 1_day | H125: =SUMIFS('Dubai Stock'!I:I,'Dubai Stock'!H:H,'Noon UAE'!C:C) | J125: 549 | K125: 329
A126: ae | B126: 33834 | C126: sw100101-30s-000301-0101-54 | D126: W00031886A | E126: =IF(H126>=2, H126-2, IF(H126<2, 0, H126)) | F126: 1_day | H126: =SUMIFS('Dubai Stock'!I:I,'Dubai Stock'!H:H,'Noon UAE'!C:C) | J126: #N/A
A127: ae | B127: 33834 | C127: sw102404-30s-000301-2404-54 | D127: W00031886A | E127: =IF(H127>=2, H127-2, IF(H127<2, 0, H127)) | F127: 1_day | H127: =SUMIFS('Dubai Stock'!I:I,'Dubai Stock'!H:H,'Noon UAE'!C:C) | J127: #N/A
A128: ae | B128: 33834 | C128: sm100707-30s-00303-0707p-52 | D128: W00031886A | E128: =IF(H128>=2, H128-2, IF(H128<2, 0, H128)) | F128: 1_day | H128: =SUMIFS('Dubai Stock'!I:I,'Dubai Stock'!H:H,'Noon UAE'!C:C) | J128: 499 | K128: 299.03643
A129: ae | B129: 33834 | C129: sm101804-30s-000464-1804-53 | D129: W00031886A | E129: =IF(H129>=2, H129-2, IF(H129<2, 0, H129)) | F129: 1_day | H129: =SUMIFS('Dubai Stock'!I:I,'Dubai Stock'!H:H,'Noon UAE'!C:C) | J129: 399 | K129: 219.45
A130: ae | B130: 33834 | C130: sm11706-30s-00205-1706p-55 | D130: W00031886A | E130: =IF(H130>=2, H130-2, IF(H130<2, 0, H130)) | F130: 1_day | H130: =SUMIFS('Dubai Stock'!I:I,'Dubai Stock'!H:H,'Noon UAE'!C:C) | J130: 549 | K130: 301.95
A131: ae | B131: 33834 | C131: sm20107-30s-000207-0101p-52 | D131: W00031886A | E131: =IF(H131>=2, H131-2, IF(H131<2, 0, H131)) | F131: 1_day | H131: =SUMIFS('Dubai Stock'!I:I,'Dubai Stock'!H:H,'Noon UAE'!C:C) | J131: 499 | K131: 299.03643
A132: ae | B132: 33834 | C132: sm110202-30s-000451-0202-49 | D132: W00031886A | E132: =IF(H132>=2, H132-2, IF(H132<2, 0, H132)) | F132: 1_day | H132: =SUMIFS('Dubai Stock'!I:I,'Dubai Stock'!H:H,'Noon UAE'!C:C) | J132: 399 | K132: 239
A133: ae | B133: 33834 | C133: sm110107-30s-000451-0107-49 | D133: W00031886A | E133: =IF(H133>=2, H133-2, IF(H133<2, 0, H133)) | F133: 1_day | H133: =SUMIFS('Dubai Stock'!I:I,'Dubai Stock'!H:H,'Noon UAE'!C:C) | J133: 399 | K133: 239
A134: ae | B134: 33834 | C134: sm50107-30s-000452-0107-48 | D134: W00031886A | E134: =IF(H134>=2, H134-2, IF(H134<2, 0, H134)) | F134: 1_day | H134: =SUMIFS('Dubai Stock'!I:I,'Dubai Stock'!H:H,'Noon UAE'!C:C) | J134: 399 | K134: 399
A135: ae | B135: 33834 | C135: sm51402-30s-000467-1402-48 | D135: W00031886A | E135: =IF(H135>=2, H135-2, IF(H135<2, 0, H135)) | F135: 1_day | H135: =SUMIFS('Dubai Stock'!I:I,'Dubai Stock'!H:H,'Noon UAE'!C:C) | J135: 399 | K135: 399
A136: ae | B136: 33834 | C136: fw10518-mrw-mw69116101-53 | D136: W00031886A | E136: =IF(H136>=2, H136-2, IF(H136<2, 0, H136)) | F136: 1_day | H136: =SUMIFS('Dubai Stock'!I:I,'Dubai Stock'!H:H,'Noon UAE'!C:C) | J136: #N/A
A137: ae | B137: 33834 | C137: fw31318-mrw-mw69093593-50 | D137: W00031886A | E137: =IF(H137>=2, H137-2, IF(H137<2, 0, H137)) | F137: 1_day | H137: =SUMIFS('Dubai Stock'!I:I,'Dubai Stock'!H:H,'Noon UAE'!C:C) | J137: #N/A
A138: ae | B138: 33834 | C138: fw20518-mrw-mw69115221-48 | D138: W00031886A | E138: =IF(H138>=2, H138-2, IF(H138<2, 0, H138)) | F138: 1_day | H138: =SUMIFS('Dubai Stock'!I:I,'Dubai Stock'!H:H,'Noon UAE'!C:C) | J138: #N/A
A139: ae | B139: 33834 | C139: sw60107-30s-000449-0107-59 | D139: W00031886A | E139: =IF(H139>=2, H139-2, IF(H139<2, 0, H139)) | F139: 1_day | H139: =SUMIFS('Dubai Stock'!I:I,'Dubai Stock'!H:H,'Noon UAE'!C:C) | J139: 449 | K139: 269.04008
A140: ae | B140: 33834 | C140: su100104-30s-00453-0104p-51 | D140: W00031886A | E140: =IF(H140>=2, H140-2, IF(H140<2, 0, H140)) | F140: 1_day | H140: =SUMIFS('Dubai Stock'!I:I,'Dubai Stock'!H:H,'Noon UAE'!C:C) | J140: 499 | K140: 299
A141: ae | B141: 33834 | C141: sw100507-30s-000295-0101-53 | D141: W00031886A | E141: =IF(H141>=2, H141-2, IF(H141<2, 0, H141)) | F141: 1_day | H141: =SUMIFS('Dubai Stock'!I:I,'Dubai Stock'!H:H,'Noon UAE'!C:C) | J141: 449 | K141: 269.04008
A142: ae | B142: 33834 | C142: sw100504-30s-000295-2904-53 | D142: W00031886A | E142: =IF(H142>=2, H142-2, IF(H142<2, 0, H142)) | F142: 1_day | H142: =SUMIFS('Dubai Stock'!I:I,'Dubai Stock'!H:H,'Noon UAE'!C:C) | J142: 449 | K142: 269.04008
A143: ae | B143: 33834 | C143: sm50707-30s-000299-0707p-53 | D143: W00031886A | E143: =IF(H143>=2, H143-2, IF(H143<2, 0, H143)) | F143: 1_day | H143: =SUMIFS('Dubai Stock'!I:I,'Dubai Stock'!H:H,'Noon UAE'!C:C) | J143: 499 | K143: 299
A144: ae | B144: 33834 | C144: sm50104-30s-000299-0104p-53 | D144: W00031886A | E144: =IF(H144>=2, H144-2, IF(H144<2, 0, H144)) | F144: 1_day | H144: =SUMIFS('Dubai Stock'!I:I,'Dubai Stock'!H:H,'Noon UAE'!C:C) | J144: 499 | K144: 299
A145: ae | B145: 33834 | C145: sm21207-30s-000426-1207-53 | D145: W00031886A | E145: =IF(H145>=2, H145-2, IF(H145<2, 0, H145)) | F145: 1_day | H145: =SUMIFS('Dubai Stock'!I:I,'Dubai Stock'!H:H,'Noon UAE'!C:C) | J145: 449 | K145: 269.04008
A146: ae | B146: 33834 | C146: su50707-30s-00237-0707p-51 | D146: W00031886A | E146: =IF(H146>=2, H146-2, IF(H146<2, 0, H146)) | F146: 1_day | H146: =SUMIFS('Dubai Stock'!I:I,'Dubai Stock'!H:H,'Noon UAE'!C:C) | J146: 499 | K146: 299
A147: ae | B147: 33834 | C147: sm100107-30s-00408-0107p-48 | D147: W00031886A | E147: =IF(H147>=2, H147-2, IF(H147<2, 0, H147)) | F147: 1_day | H147: =SUMIFS('Dubai Stock'!I:I,'Dubai Stock'!H:H,'Noon UAE'!C:C) | J147: 499 | K147: 299
A148: ae | B148: 33834 | C148: su40707-30s-00416-0707p-54 | D148: W00031886A | E148: =IF(H148>=2, H148-2, IF(H148<2, 0, H148)) | F148: 1_day | H148: =SUMIFS('Dubai Stock'!I:I,'Dubai Stock'!H:H,'Noon UAE'!C:C) | J148: 499 | K148: 499
A149: ae | B149: 33834 | C149: su100107-30s-00277-0107p-52 | D149: W00031886A | E149: =IF(H149>=2, H149-2, IF(H149<2, 0, H149)) | F149: 1_day | H149: =SUMIFS('Dubai Stock'!I:I,'Dubai Stock'!H:H,'Noon UAE'!C:C) | J149: 499 | K149: 499
A150: ae | B150: 33834 | C150: sw102404-30s-000306-2404-49 | D150: W00031886A | E150: =IF(H150>=2, H150-2, IF(H150<2, 0, H150)) | F150: 1_day | H150: =SUMIFS('Dubai Stock'!I:I,'Dubai Stock'!H:H,'Noon UAE'!C:C) | J150: 449 | K150: 269.04008
... A159: ae | B159: 33834 | C159: sm50606-30s-00438-0606p-52 | D159: W00031886A | E159: =IF(H159>=2, H159-2, IF(H159<2, 0, H159)) | F159: 1_day | H159: =SUMIFS('Dubai Stock'!I:I,'Dubai Stock'!H:H,'Noon UAE'!C:C) | J159: 499 | K159: 349.02732
A160: ae | B160: 33834 | C160: clstdai-acu-oasy-p30-sp0425 | D160: W00031886A | E160: =IF(H160>=2, H160-2, IF(H160<2, 0, H160)) | F160: 1_day | H160: =SUMIFS('Dubai Stock'!I:I,'Dubai Stock'!H:H,'Noon UAE'!C:C) | J160: #N/A
A161: ae | B161: 33834 | C161: clstdai-acu-oasy-p30-sp0400 | D161: W00031886A | E161: =IF(H161>=2, H161-2, IF(H161<2, 0, H161)) | F161: 1_day | H161: =SUMIFS('Dubai Stock'!I:I,'Dubai Stock'!H:H,'Noon UAE'!C:C) | J161: #N/A
A162: ae | B162: 33834 | C162: clstdai-acu-oasy-p30-sp0200 | D162: W00031886A | E162: =IF(H162>=2, H162-2, IF(H162<2, 0, H162)) | F162: 1_day | H162: =SUMIFS('Dubai Stock'!I:I,'Dubai Stock'!H:H,'Noon UAE'!C:C) | J162: #N/A
A163: ae | B163: 33834 | C163: clstdai-acu-oasy-p30-sp0150 | D163: W00031886A | E163: =IF(H163>=2, H163-2, IF(H163<2, 0, H163)) | F163: 1_day | H163: =SUMIFS('Dubai Stock'!I:I,'Dubai Stock'!H:H,'Noon UAE'!C:C) | J163: #N/A
A164: ae | B164: 33834 | C164: clstdai-acu-oasy-p30-sp0125 | D164: W00031886A | E164: =IF(H164>=2, H164-2, IF(H164<2, 0, H164)) | F164: 1_day | H164: =SUMIFS('Dubai Stock'!I:I,'Dubai Stock'!H:H,'Noon UAE'!C:C) | J164: #N/A
A165: ae | B165: 33834 | C165: clstdai-acu-oasy-p30-sp0275 | D165: W00031886A | E165: =IF(H165>=2, H165-2, IF(H165<2, 0, H165)) | F165: 1_day | H165: =SUMIFS('Dubai Stock'!I:I,'Dubai Stock'!H:H,'Noon UAE'!C:C) | J165: #N/A
A166: ae | B166: 33834 | C166: clstdai-acu-oasy-p30-sp0175 | D166: W00031886A | E166: =IF(H166>=2, H166-2, IF(H166<2, 0, H166)) | F166: 1_day | H166: =SUMIFS('Dubai Stock'!I:I,'Dubai Stock'!H:H,'Noon UAE'!C:C) | J166: #N/A
A167: ae | B167: 33834 | C167: clstdai-acu-oasy-p30-sn1150 | D167: W00031886A | E167: =IF(H167>=2, H167-2, IF(H167<2, 0, H167)) | F167: 1_day | H167: =SUMIFS('Dubai Stock'!I:I,'Dubai Stock'!H:H,'Noon UAE'!C:C) | J167: #N/A
A168: ae | B168: 33834 | C168: clstdai-acu-oasy-p30-sp0100 | D168: W00031886A | E168: =IF(H168>=2, H168-2, IF(H168<2, 0, H168)) | F168: 1_day | H168: =SUMIFS('Dubai Stock'!I:I,'Dubai Stock'!H:H,'Noon UAE'!C:C) | J168: #N/A
A169: ae | B169: 33834 | C169: clstdai-acu-oasy-p30-sp0075 | D169: W00031886A | E169: =IF(H169>=2, H169-2, IF(H169<2, 0, H169)) | F169: 1_day | H169: =SUMIFS('Dubai Stock'!I:I,'Dubai Stock'!H:H,'Noon UAE'!C:C) | J169: #N/A
A170: ae | B170: 33834 | C170: clstdai-acu-oasy-p30-sp0350 | D170: W00031886A | E170: =IF(H170>=2, H170-2, IF(H170<2, 0, H170)) | F170: 1_day | H170: =SUMIFS('Dubai Stock'!I:I,'Dubai Stock'!H:H,'Noon UAE'!C:C) | J170: #N/A
A171: ae | B171: 33834 | C171: clstdai-acu-oasy-p30-sp0250 | D171: W00031886A | E171: =IF(H171>=2, H171-2, IF(H171<2, 0, H171)) | F171: 1_day | H171: =SUMIFS('Dubai Stock'!I:I,'Dubai Stock'!H:H,'Noon UAE'!C:C) | J171: #N/A
... A198: ae | B198: 33834 | C198: clstdai-acu-oasy-p30-sn0500 | D198: W00031886A | E198: =IF(H198>=2, H198-2, IF(H198<2, 0, H198)) | F198: 1_day | H198: =SUMIFS('Dubai Stock'!I:I,'Dubai Stock'!H:H,'Noon UAE'!C:C) | J198: #N/A
A199: ae | B199: 33834 | C199: sw50101-30s-000406-0101p-56 | D199: W00031886A | E199: =IF(H199>=2, H199-2, IF(H199<2, 0, H199)) | F199: 1_day | H199: =SUMIFS('Dubai Stock'!I:I,'Dubai Stock'!H:H,'Noon UAE'!C:C) | J199: 649 | K199: 389.02861
A200: ae | B200: 33834 | C200: sw50504-30s-000406-2904p-56 | D200: W00031886A | E200: =IF(H200>=2, H200-2, IF(H200<2, 0, H200)) | F200: 1_day | H200: =SUMIFS('Dubai Stock'!I:I,'Dubai Stock'!H:H,'Noon UAE'!C:C) | J200: 649 | K200: 389.02861
A201: ae | B201: 33834 | C201: clstdai-acu-mois-p30-sn0900 | D201: W00031886A | E201: =IF(H201>=2, H201-2, IF(H201<2, 0, H201)) | F201: 1_day | H201: =SUMIFS('Dubai Stock'!I:I,'Dubai Stock'!H:H,'Noon UAE'!C:C) | J201: #N/A
A202: ae | B202: 33834 | C202: clstdai-acu-mois-p30-sn0700 | D202: W00031886A | E202: =IF(H202>=2, H202-2, IF(H202<2, 0, H202)) | F202: 1_day | H202: =SUMIFS('Dubai Stock'!I:I,'Dubai Stock'!H:H,'Noon UAE'!C:C) | J202: #N/A
A203: ae | B203: 33834 | C203: cost3mo-lay-2022-p02-avena-brown-sp0000 | D203: W00031886A | E203: =IF(H203>=2, H203-2, IF(H203<2, 0, H203)) | F203: 1_day | H203: =SUMIFS('Dubai Stock'!I:I,'Dubai Stock'!H:H,'Noon UAE'!C:C) | J203: #N/A
A204: ae | B204: 33834 | C204: cost3mo-lay-2022-p02-avena-brown-sn0175 | D204: W00031886A | E204: =IF(H204>=2, H204-2, IF(H204<2, 0, H204)) | F204: 1_day | H204: =SUMIFS('Dubai Stock'!I:I,'Dubai Stock'!H:H,'Noon UAE'!C:C) | J204: #N/A
A205: ae | B205: 33834 | C205: cost3mo-lay-2022-p02-avena-brown-sn0600 | D205: W00031886A | E205: =IF(H205>=2, H205-2, IF(H205<2, 0, H205)) | F205: 1_day | H205: =SUMIFS('Dubai Stock'!I:I,'Dubai Stock'!H:H,'Noon UAE'!C:C) | J205: #N/A
A206: ae | B206: 33834 | C206: cost3mo-lay-2022-p02-avena-brown-sn0300 | D206: W00031886A | E206: =IF(H206>=2, H206-2, IF(H206<2, 0, H206)) | F206: 1_day | H206: =SUMIFS('Dubai Stock'!I:I,'Dubai Stock'!H:H,'Noon UAE'!C:C) | J206: #N/A
A207: ae | B207: 33834 | C207: cost3mo-lay-2022-p02-cosmo-gray-sn0350 | D207: W00031886A | E207: =IF(H207>=2, H207-2, IF(H207<2, 0, H207)) | F207: 1_day | H207: =SUMIFS('Dubai Stock'!I:I,'Dubai Stock'!H:H,'Noon UAE'!C:C) | J207: #N/A
A208: ae | B208: 33834 | C208: cost3mo-lay-2022-p02-cosmo-gray-sn0200 | D208: W00031886A | E208: =IF(H208>=2, H208-2, IF(H208<2, 0, H208)) | F208: 1_day | H208: =SUMIFS('Dubai Stock'!I:I,'Dubai Stock'!H:H,'Noon UAE'!C:C) | J208: #N/A
A209: ae | B209: 33834 | C209: cost3mo-lay-2022-p02-cosmo-gray-sn0275 | D209: W00031886A | E209: =IF(H209>=2, H209-2, IF(H209<2, 0, H209)) | F209: 1_day | H209: =SUMIFS('Dubai Stock'!I:I,'Dubai Stock'!H:H,'Noon UAE'!C:C) | J209: #N/A
A210: ae | B210: 33834 | C210: cost3mo-lay-2022-p02-cosmo-gray-sn0325 | D210: W00031886A | E210: =IF(H210>=2, H210-2, IF(H210<2, 0, H210)) | F210: 1_day | H210: =SUMIFS('Dubai Stock'!I:I,'Dubai Stock'!H:H,'Noon UAE'!C:C) | J210: #N/A
A211: ae | B211: 33834 | C211: cost3mo-lay-lens-p02-forest-green-sn0425 | D211: W00031886A | E211: =IF(H211>=2, H211-2, IF(H211<2, 0, H211)) | F211: 1_day | H211: =SUMIFS('Dubai Stock'!I:I,'Dubai Stock'!H:H,'Noon UAE'!C:C) | J211: #N/A
...
